{
  "num_samples": 300,
  "corpus_bleu": 1.660739265447839,
  "corpus_chrf": 15.182778128290797,
  "exact_match_accuracy": 0.0,
  "mode_distribution": {
    "tm_retrieval_low": 62,
    "tm_retrieval_high": 20,
    "tm_retrieval_very_low": 218
  },
  "avg_sentence_bleu_by_mode": {
    "tm_retrieval_low": 7.444627570068566,
    "tm_retrieval_high": 13.367377463694169,
    "tm_retrieval_very_low": 2.5415424601852235
  },
  "avg_pred_len_words": 5.066666666666666,
  "avg_gt_len_words": 11.363333333333333
}