{
  "greedy": {
    "bleu": 0.44598080157503306,
    "rouge1_f": 0.18214105115730503,
    "rouge2_f": 0.021540538437597262,
    "rougeL_f": 0.17815595770471931,
    "n_samples": 300
  },
  "beam": {
    "bleu": 0.25736447954532027,
    "rouge1_f": 0.17165457613135632,
    "rouge2_f": 0.00931889773453241,
    "rougeL_f": 0.1679425792645607,
    "n_samples": 300
  }
}